{
  "bpm": 107,
  "speed": 2.3,
  "notes": [
    [
      0,
      0,
      0
    ],
    [
      560.747663551402,
      2,
      0
    ],
    [
      841.121495327103,
      0,
      0
    ],
    [
      1401.8691588785,
      3,
      0
    ],
    [
      1682.24299065421,
      2,
      0
    ],
    [
      1962.61682242991,
      0,
      0
    ],
    [
      2242.99065420561,
      1,
      0
    ],
    [
      2803.73831775701,
      3,
      0
    ],
    [
      3084.11214953271,
      0,
      0
    ],
    [
      3644.85981308411,
      3,
      0
    ],
    [
      3925.23364485981,
      1,
      0
    ],
    [
      4205.60747663551,
      3,
      0
    ],
    [
      4485.98130841121,
      0,
      0
    ],
    [
      5046.72897196262,
      2,
      0
    ],
    [
      5327.10280373832,
      3,
      0
    ],
    [
      5887.85046728972,
      0,
      0
    ],
    [
      6168.22429906542,
      2,
      0
    ],
    [
      6448.59813084112,
      3,
      0
    ],
    [
      6728.97196261682,
      0,
      0
    ],
    [
      8130.84112149533,
      3,
      0
    ],
    [
      8411.21495327103,
      1,
      0
    ],
    [
      8691.58878504673,
      2,
      0
    ],
    [
      7289.71962616822,
      1,
      0
    ],
    [
      7570.09345794393,
      2,
      0
    ],
    [
      8971.96261682243,
      0,
      0
    ],
    [
      9532.71028037383,
      0,
      0
    ],
    [
      10093.4579439252,
      3,
      0
    ],
    [
      10654.2056074766,
      3,
      0
    ],
    [
      11214.953271028,
      1,
      0
    ],
    [
      11775.7009345794,
      1,
      0
    ],
    [
      12336.4485981308,
      2,
      0
    ],
    [
      12897.1962616822,
      2,
      0
    ],
    [
      13457.9439252336,
      0,
      0
    ],
    [
      13738.3177570093,
      1,
      0
    ],
    [
      14018.691588785,
      3,
      0
    ],
    [
      14299.0654205607,
      1,
      0
    ],
    [
      14579.4392523364,
      0,
      0
    ],
    [
      14859.8130841121,
      1,
      0
    ],
    [
      15140.1869158878,
      3,
      0
    ],
    [
      15420.5607476636,
      1,
      0
    ],
    [
      15700.9345794393,
      0,
      0
    ],
    [
      15981.308411215,
      1,
      0
    ],
    [
      16261.6822429907,
      3,
      0
    ],
    [
      16542.0560747664,
      1,
      0
    ],
    [
      16822.4299065421,
      2,
      0
    ],
    [
      17102.8037383178,
      3,
      0
    ],
    [
      17383.1775700935,
      0,
      0
    ],
    [
      17663.5514018692,
      0,
      0
    ],
    [
      17523.3644859813,
      3,
      0
    ],
    [
      17943.9252336449,
      3,
      0
    ],
    [
      18504.6728971963,
      0,
      0
    ],
    [
      18785.046728972,
      1,
      0
    ],
    [
      18925.2336448598,
      0,
      0
    ],
    [
      19065.4205607477,
      3,
      0
    ],
    [
      19345.7943925234,
      2,
      0
    ],
    [
      19626.1682242991,
      0,
      0
    ],
    [
      20186.9158878505,
      3,
      0
    ],
    [
      20747.6635514019,
      0,
      0
    ],
    [
      21028.0373831776,
      1,
      0
    ],
    [
      21168.2242990654,
      0,
      0
    ],
    [
      21308.4112149533,
      3,
      0
    ],
    [
      21588.785046729,
      2,
      0
    ],
    [
      21869.1588785047,
      0,
      0
    ],
    [
      22149.5327102804,
      3,
      0
    ],
    [
      22429.9065420561,
      3,
      0
    ],
    [
      22990.6542056075,
      0,
      0
    ],
    [
      23271.0280373832,
      1,
      0
    ],
    [
      23411.214953271,
      0,
      0
    ],
    [
      23551.4018691589,
      3,
      0
    ],
    [
      23831.7757009346,
      2,
      0
    ],
    [
      24112.1495327103,
      0,
      0
    ],
    [
      24672.8971962617,
      3,
      0
    ],
    [
      25233.6448598131,
      0,
      0
    ],
    [
      25514.0186915888,
      1,
      0
    ],
    [
      25654.2056074766,
      0,
      0
    ],
    [
      25794.3925233645,
      3,
      0
    ],
    [
      26074.7663551402,
      2,
      0
    ],
    [
      26355.1401869159,
      0,
      0
    ],
    [
      26635.5140186916,
      3,
      0
    ],
    [
      26915.8878504673,
      3,
      0
    ],
    [
      27476.6355140187,
      0,
      0
    ],
    [
      27757.0093457944,
      1,
      0
    ],
    [
      27897.1962616822,
      0,
      0
    ],
    [
      28037.3831775701,
      3,
      0
    ],
    [
      28317.7570093458,
      2,
      0
    ],
    [
      28598.1308411215,
      0,
      0
    ],
    [
      29158.8785046729,
      3,
      0
    ],
    [
      29719.6261682243,
      0,
      0
    ],
    [
      30000,
      1,
      0
    ],
    [
      30140.1869158879,
      0,
      0
    ],
    [
      30280.3738317757,
      3,
      0
    ],
    [
      30560.7476635514,
      2,
      0
    ],
    [
      30841.1214953271,
      0,
      0
    ],
    [
      31121.4953271028,
      3,
      0
    ],
    [
      31401.8691588785,
      3,
      0
    ],
    [
      31962.6168224299,
      0,
      0
    ],
    [
      32242.9906542056,
      1,
      0
    ],
    [
      32383.1775700935,
      0,
      0
    ],
    [
      32523.3644859813,
      3,
      0
    ],
    [
      32803.738317757,
      2,
      0
    ],
    [
      33084.1121495327,
      0,
      0
    ],
    [
      33644.8598130841,
      3,
      0
    ],
    [
      34205.6074766355,
      0,
      0
    ],
    [
      34485.9813084112,
      1,
      0
    ],
    [
      34626.1682242991,
      0,
      0
    ],
    [
      34766.3551401869,
      3,
      0
    ],
    [
      35046.7289719626,
      2,
      0
    ],
    [
      35327.1028037383,
      0,
      0
    ],
    [
      35607.476635514,
      3,
      0
    ],
    [
      35887.8504672897,
      0,
      0
    ],
    [
      37289.7196261682,
      1,
      0
    ],
    [
      37429.9065420561,
      2,
      0
    ],
    [
      37570.0934579439,
      0,
      0
    ],
    [
      37710.2803738318,
      3,
      0
    ],
    [
      37850.4672897196,
      2,
      0
    ],
    [
      38130.8411214953,
      0,
      0
    ],
    [
      38971.9626168224,
      1,
      0
    ],
    [
      39252.3364485981,
      3,
      0
    ],
    [
      39813.0841121495,
      1,
      0
    ],
    [
      40093.4579439252,
      3,
      0
    ],
    [
      40373.8317757009,
      2,
      0
    ],
    [
      41775.7009345794,
      0,
      0
    ],
    [
      42056.0747663551,
      1,
      0
    ],
    [
      42336.4485981308,
      0,
      0
    ],
    [
      42616.8224299065,
      3,
      0
    ],
    [
      42897.1962616822,
      0,
      0
    ],
    [
      43177.5700934579,
      3,
      0
    ],
    [
      43457.9439252336,
      1,
      0
    ],
    [
      44859.8130841121,
      0,
      0
    ],
    [
      46261.6822429907,
      0,
      0
    ],
    [
      46401.8691588785,
      1,
      0
    ],
    [
      46542.0560747664,
      3,
      0
    ],
    [
      46682.2429906542,
      0,
      0
    ],
    [
      46822.429906542,
      2,
      0
    ],
    [
      47102.8037383178,
      0,
      0
    ],
    [
      47943.9252336449,
      3,
      0
    ],
    [
      48224.2990654206,
      1,
      0
    ],
    [
      48785.046728972,
      0,
      0
    ],
    [
      49065.4205607477,
      1,
      0
    ],
    [
      49345.7943925234,
      2,
      0
    ],
    [
      50747.6635514019,
      3,
      0
    ],
    [
      51028.0373831776,
      1,
      0
    ],
    [
      51308.4112149533,
      2,
      0
    ],
    [
      51588.785046729,
      0,
      0
    ],
    [
      51869.1588785047,
      2,
      0
    ],
    [
      52149.5327102804,
      0,
      0
    ],
    [
      52429.9065420561,
      1,
      0
    ],
    [
      53271.0280373832,
      0,
      0
    ],
